symptoms0symptom,id,icd-10-name,icd-10
Peripheral edema,"[208, 376, 658, 304, 374, 488, 342, 241, 343, 113, 383, 413, 423, 214, 133, 670, 571, 318, 331, 518, 273, 543, 638, 545, 542, 287, 462, 510, 669, 298, 340, 355, 358, 645, 559, 47, 643, 28, 536, 686, 734, 574, 586, 178, 456, 532, 538, 636, 654, 786, 584, 46, 286, 123, 171, 417, 247, 309, 121, 465, 622]","Edema, unspecified",R60.9
Elbow cramps or spasms,"[208, 463, 635, 675, 336, 272, 377, 380, 762, 255, 275, 119, 63, 293, 755, 759, 602, 8, 22, 691, 698, 101, 389, 62, 446, 323, 445, 477, 82, 524, 663, 672, 732, 261, 716, 292, 452, 721, 232, 584, 625, 152]",Cramp and spasm,R25.2
Wrist swelling,"[226, 627, 18, 161, 258, 738, 263, 543, 600, 44, 408, 111, 772, 401, 686, 103, 699, 193, 350]",Effusion/swelling of unspecified wrist,M25.439
Leg lump or mass,"[270, 265, 241, 318, 777, 776, 645, 544, 534]","Localized swelling, mass and lump of lower limb",R22.4
Chest tightness,"[347, 577, 129, 488, 284, 383, 561, 571, 414, 215, 225, 134, 48, 651, 62, 256, 726, 418, 720, 82, 71, 234, 252, 4, 457, 664, 59, 294, 14, 507, 105, 486, 746, 247, 311, 348, 517, 622, 751]",Other chest pain,R07.89
Skin swelling,"[376, 708, 563, 587, 106, 304, 374, 553, 693, 737, 580, 94, 392, 714, 272, 165, 415, 639, 758, 214, 227, 359, 133, 490, 535, 557, 791, 633, 99, 240, 143, 660, 210, 466, 545, 386, 503, 520, 567, 58, 3, 462, 77, 373, 650, 97, 335, 427, 28, 411, 725, 734, 178, 422, 456, 540, 604, 91, 330, 629, 583, 596]","Localized swelling, mass and lump, unspecified",R22.9
Fluid in ear,"[436, 443, 80, 129, 498, 683, 630, 34, 338, 228, 695, 351, 411, 207, 233, 216, 305, 148, 680]",Other specified disorders of ear,H93.8
Low back weakness,"[463, 230, 675, 336, 272, 1, 762, 255, 275, 119, 63, 293, 382, 704, 602, 698, 744, 389, 761, 213, 323, 327, 245, 307, 663, 732, 261, 544, 716, 582, 292, 232, 60, 625, 706]",Muscle weakness,M62.81
Frequent menstruation,"[494, 75, 372, 609]",Excessive/frequent menstruation,N92.0
Vulvar sore,"[658, 635, 612, 735, 337, 711, 535, 254, 395, 760, 367, 196, 393, 628, 496, 539, 792, 568, 220, 149, 554, 769]",Other specified noninflammatory disorders of vulva,N90.8
Symptoms of the scrotum and testes,"[701, 262, 526, 320, 136, 249, 595, 445, 551, 217, 447]","Disorder of male genital organs, unspecified",N50.9
Lip swelling,"[304, 374, 668, 693, 288, 392, 113, 133, 791, 759, 602, 203, 558, 600, 313, 567, 287, 358, 388, 400, 456, 538, 636, 123, 91, 607]","Localized swelling, mass and lump, head",R22.0
Lack of growth,"[145, 683, 137, 162, 406, 218, 560, 175, 458, 778, 597, 108, 732, 54, 168, 107, 25, 626, 164, 369, 771, 233, 216, 253, 330, 578]",Lack of expected normal physiological development,R62.50
Spotting or bleeding during pregnancy,"[70, 154, 535, 150, 156, 399, 703, 582, 41, 631]","Antepartum hemorrhage, unspecified",O46.90
Frequent urination,"[332, 380, 646, 441, 504, 715, 729, 274, 280, 414, 442, 500, 432, 101, 317, 530, 768, 404, 499, 666, 102, 163, 524, 544, 750, 469, 721, 586, 110, 185, 14, 523, 676, 38, 299, 169, 447, 590, 684, 585]",Frequency of micturition,R35.0
Infertility,"[526, 162, 394, 767, 77, 609, 269, 299, 464, 74, 322, 684]","Female infertility, unspecified",N97.9
Recent weight loss,"[331, 249, 387, 31, 774, 233, 87]",Abnormal weight loss,R63.4
Mass on eyelid,"[710, 78, 386, 166, 88, 454]","Cyst/lump of eyelid, unspecified",H02.829
Stuttering or stammering,[501],Childhood onset fluency disorder,F80.81
Unwanted hair,"[77, 251, 464]","Hypertrichosis, unspecified",L68.9
Leg stiffness or tightness,"[42, 270, 547, 349, 241, 420, 632, 478, 687, 369, 699, 743, 616]",Stiffness of unspecified knee/leg joint,M25.669
Vomiting,"[55, 208, 222, 529, 547, 608, 634, 696, 717, 271, 339, 366, 153, 181, 396, 598, 109, 26, 49, 284, 300, 324, 113, 118, 137, 1, 413, 453, 657, 773, 601, 237, 10, 612, 783, 132, 199, 476, 504, 620, 670, 715, 45, 63, 250, 293, 439, 492, 594, 319, 673, 210, 13, 466, 733, 41, 482, 619, 664, 574, 57, 410, 618, 624, 671, 730, 774, 53, 213, 228, 114, 38, 92, 204, 286, 326, 123, 402, 746, 89, 307, 355, 444, 519, 645, 655, 712, 742, 559, 224, 323, 351, 360, 163, 378, 539, 549, 653, 690, 748, 790, 201, 435, 449, 540, 591, 592, 87, 202, 242, 311, 325, 381, 429, 440, 493, 514, 756]","Vomiting, unspecified",R11.10
Sharp chest pain,"[81, 222, 347, 357, 577, 262, 366, 115, 129, 181, 11, 675, 300, 383, 413, 773, 561, 43, 56, 332, 132, 424, 620, 571, 33, 45, 250, 308, 414, 594, 225, 231, 134, 673, 677, 744, 13, 431, 483, 761, 768, 576, 234, 4, 457, 482, 536, 57, 187, 774, 84, 183, 542, 726, 780, 105, 204, 326, 412, 461, 486, 52, 355, 617, 645, 663, 742, 211, 151, 378, 477, 621, 720, 790, 59, 294, 130, 14, 407, 426, 507, 769, 202, 311, 440, 517, 622]","Chest pain, unspecified",R07.9
Ache all over,"[81, 321, 627, 675, 787, 343, 491, 657, 564, 43, 94, 332, 612, 783, 214, 490, 557, 793, 254, 308, 318, 136, 543, 613, 723, 101, 236, 459, 628, 722, 733, 40, 721, 734, 574, 405, 433, 624, 643, 716, 62, 84, 260, 276, 279, 780, 595, 217, 486, 52, 77, 278, 663, 58, 224, 151, 745, 435, 554, 786, 242, 177]","Pain, unspecified",R52
Knee swelling,"[226, 18, 718, 30, 359, 409, 479, 180, 704, 420, 101, 223, 314, 341, 785, 29, 157, 632, 126, 408, 502, 707, 77, 95, 104, 350, 616]",Effusion/swelling of unspecified knee,M25.469
Leg pain,"[270, 321, 357, 7, 474, 577, 724, 343, 550, 564, 56, 611, 718, 30, 85, 255, 250, 308, 318, 180, 515, 518, 700, 777, 231, 240, 420, 723, 775, 223, 236, 283, 341, 678, 107, 40, 61, 157, 619, 574, 126, 433, 481, 624, 260, 279, 315, 183, 408, 475, 502, 707, 570, 46, 326, 193, 625, 647, 573, 52, 603, 182, 378, 462, 745, 772, 72, 513, 565, 569, 244, 309, 440, 706]","Pain in leg, unspecified",M79.606
Blindness,"[285, 125, 51, 21, 173, 12, 648, 382, 296, 473, 727, 764, 127, 166, 516, 78, 218, 131, 391, 35, 402, 312, 167, 549, 419]",Unspecified visual loss,H54.7
Fainting,"[347, 147, 547, 634, 366, 668, 675, 109, 773, 342, 612, 614, 243, 424, 33, 293, 784, 134, 613, 673, 13, 651, 252, 452, 457, 482, 619, 220, 290, 481, 346, 542, 726, 239, 360, 418, 477, 510, 690, 720, 597, 259, 294, 185, 14, 426, 435, 548, 247, 381, 607, 578]",Syncope and collapse,R55
Seizures,"[7, 683, 49, 301, 137, 773, 342, 21, 243, 670, 250, 20, 679, 13, 54, 220, 290, 624, 582, 264, 560, 402, 478, 444, 556, 672, 732, 93, 287, 659, 690, 201, 130, 177, 578]",Unspecified convulsions,R56.9
Shoulder lump or mass,"[428, 329, 534, 363]","Localized swelling, mass and lump of upper limb",R22.3
Smoking problems,"[448, 129, 580, 423, 728, 265, 30, 747, 522, 54, 24, 31, 160, 242]","Nicotine dependence, unspecified",F17.200
Sharp abdominal pain,"[494, 682, 303, 366, 396, 694, 702, 109, 284, 324, 140, 413, 646, 773, 601, 43, 212, 342, 614, 79, 268, 128, 441, 476, 484, 504, 715, 27, 75, 250, 274, 280, 291, 356, 395, 442, 492, 500, 709, 602, 64, 231, 319, 394, 613, 691, 744, 48, 248, 150, 530, 727, 768, 40, 66, 252, 411, 664, 187, 487, 618, 649, 582, 213, 404, 666, 739, 780, 595, 38, 92, 269, 412, 625, 581, 89, 307, 355, 364, 519, 655, 224, 327, 360, 163, 445, 546, 748, 767, 32, 130, 185, 426, 449, 468, 523, 540, 609, 87, 202, 242, 177, 379, 440, 684, 585]","Abdominal pain, unspecified",R10.9
Itchy eyelid,"[658, 587, 635, 165, 612, 735, 759, 203, 22, 691, 196, 220, 62, 446, 35, 204, 524, 672, 477, 539, 429]","Dermatitis of eyelid, unspecified",H01.139
Penis pain,"[749, 526, 441, 249, 9, 530, 499, 299, 647, 3]",Other specified disorders of penis,N48.89
Swollen eye,"[572, 304, 644, 165, 605, 173, 460, 648, 200, 755, 76, 83, 203, 541, 722, 86, 386, 525, 650, 692, 456, 532, 636, 88, 122]",Other specified disorders of eye,H57.89
Frontal headache,"[206, 67, 34, 293, 626, 23, 753, 566, 184, 471, 381]","Headache, unspecified",R51.9
Sinus congestion,"[206, 262, 396, 118, 67, 508, 630, 677, 589, 599, 176, 142, 3]",Nasal congestion,R09.81
Jaw swelling,"[17, 374, 638, 28, 411, 417, 358, 713, 178, 532, 699]","Localized swelling, mass and lump, head",R22.0
Arm lump or mass,"[553, 343, 165, 725, 174, 534, 640, 765, 583]","Localized swelling, mass and lump of upper limb",R22.3
Lump or mass of breast,"[553, 693, 711, 714, 761, 626, 725, 734, 643, 750, 534, 575, 795]",Unspecified lump in breast,N63
Eyelid lesion or rash,"[644, 460, 200, 382, 755, 76, 8, 750, 86, 386, 692, 121]","Inflammation/disorder of eyelid, unspecified",H01.9
Hand or finger weakness,"[161, 611, 515, 543, 661, 283, 209, 197, 316, 407]",Muscle weakness,M62.81
Pain during intercourse,"[406, 711, 511, 729, 382, 754, 310, 276, 499, 588, 251, 110, 32, 185, 765]","Dyspareunia, unspecified",N94.10
Infant spitting up,"[10, 27, 217, 233, 89]","Vomiting/regurgitation, unspecified",R11.10
Wrinkles on skin,"[392, 8]",Other specified disorders of skin,L98.8
Wrist stiffness or tightness,"[686, 111, 103]",Stiffness of unspecified wrist,M25.639
Sleepwalking,[264],Sleepwalking disorder,F51.3
Tongue bleeding,[287],Other diseases of tongue,K14.8
Low back cramps or spasms,"[546, 72, 565]",Muscle spasm of back,M62.830
Side pain,"[55, 529, 696, 577, 145, 56, 332, 646, 268, 199, 504, 620, 715, 45, 439, 500, 709, 576, 256, 346, 685, 780, 570, 57, 671, 326, 752, 581, 519, 742, 151, 182, 653, 745, 72, 449, 523, 654, 565, 706]","Abdominal pain, unspecified",R10.9
Intermenstrual bleeding,"[55, 494, 529, 662, 506, 70, 370, 406, 154, 356, 141, 64, 6, 394, 317, 739, 588, 269, 156, 372, 102, 142, 653, 767, 110, 609, 74]",Ovulation bleeding,N92.3
Spots or clouds in vision,"[285, 334, 644, 51, 333, 508, 125, 371, 275, 173, 12, 229, 710, 203, 296, 473, 78, 86, 114, 131, 166, 487, 516, 35, 604, 312, 525, 142, 549, 692, 158, 190, 495, 786, 454]",Other visual disturbances,H53.8
Itchiness of eye,"[347, 701, 572, 303, 304, 334, 644, 51, 125, 371, 423, 605, 275, 173, 416, 451, 460, 229, 200, 710, 755, 76, 203, 296, 8, 473, 78, 86, 131, 386, 391, 166, 23, 555, 35, 312, 167, 525, 692, 495, 786, 88, 122, 454]","Disorder of eye, unspecified",H57.9
Shoulder swelling,"[354, 658, 787, 735, 337, 254, 395, 760, 367, 196, 393, 628, 689, 149, 346, 220, 39, 496, 792, 568, 238, 554, 769]",Effusion/swelling of unspecified shoulder,M25.419
Stiffness all over,"[354, 349, 668, 787, 656, 308, 777, 543, 723, 558, 329, 719, 659, 778, 72, 616]",Stiffness of unspecified joint,M25.60
Difficulty eating,"[147, 662, 472, 218, 36, 774, 478, 31, 190, 538, 636]",Feeding difficulties,R63.3
Arm swelling,"[376, 428, 155, 181, 553, 235, 241, 165, 491, 258, 223, 785, 576, 734, 111, 58, 458, 621, 103, 456, 584]","Localized swelling, mass and lump of upper limb",R22.3
Ringing in ear,"[436, 443, 634, 80, 302, 498, 630, 667, 721, 114, 695, 146, 478, 444, 232, 216, 381, 607, 680]","Tinnitus, unspecified ear",H93.19
Mouth dryness,"[448, 425, 28, 168, 575, 31, 185, 786]",Dry mouth,R68.2
Infrequent menstruation,"[448, 141, 389, 684]","Oligomenorrhea, unspecified",N91.5
Pus in sputum,"[463, 119, 755, 107, 60, 663, 732, 152]",Abnormal sputum,R09.3
Vaginal itching,"[608, 662, 682, 333, 195, 470, 711, 133, 441, 451, 476, 291, 141, 754, 150, 530, 588, 430, 750, 188, 519, 32, 422, 740, 585]",Other specified noninflammatory disorders of vagina,N89.8
Irregular appearing scalp,"[708, 587, 334, 737, 94, 288, 415, 491, 758, 227, 338, 791, 660, 25, 725, 764, 191, 520, 567, 97, 335, 427, 233, 593, 298, 361, 373, 403, 330, 596]","Disorder of skin, unspecified",L98.9
Difficulty speaking,"[106, 230, 271, 349, 15, 683, 21, 562, 353, 137, 564, 20, 515, 754, 777, 784, 296, 589, 387, 455, 785, 726, 560, 730, 593, 37, 219, 444, 712, 731, 732, 93, 434, 501, 745, 778, 96, 201, 164, 403, 591, 216, 257, 454]","Speech disturbance, unspecified",R47.9
Pain of the anus,"[303, 94, 212, 332, 526, 26, 140, 476, 139, 439, 432, 248, 757, 399, 410, 649, 655, 379]",Other specified diseases of anus and rectum,K62.89
Eye redness,"[334, 635, 644, 51, 333, 125, 371, 460, 490, 648, 229, 200, 710, 755, 76, 203, 296, 78, 86, 386, 391, 54, 716, 35, 312, 340, 525, 104, 117, 692, 88, 152, 454]",Other specified disorders of eye,H57.89
Mouth pain,"[374, 598, 272, 162, 601, 120, 793, 139, 398, 541, 638, 600, 329, 191, 192, 421, 400, 417, 298, 358, 688, 224, 287, 3, 178, 532, 538, 795]",Other lesions of oral mucosa,K13.79
Problems with shape or size of breast,"[580, 31, 765]",Other specified disorders of breast,N64.89
Foot or toe stiffness or tightness,"[718, 550, 99, 528]","Stiffness of foot, unspecified",M25.676
Postpartum problems of the breast,"[162, 575]",Other disorders of breast associated with childbirth,O92.29
Hip swelling,[85],Effusion/swelling of unspecified hip,M25.459
Arm cramps or spasms,"[243, 316, 39]",Cramp and spasm,R25.2
Toothache,"[793, 722, 112, 146, 326, 287]",Other specified disorders of teeth,K08.89
Abdominal distention,"[734, 47, 669]",Abdominal distension,R14.0
Wrist lump or mass,[408],"Localized swelling, mass and lump of upper limb",R22.3
Swollen or red tonsils,"[695, 186, 794, 216]",Hypertrophy of tonsils,J35.1
Scanty menstrual flow,"[31, 251, 684]","Oligomenorrhea, unspecified",N91.5
Pupils unequal,"[510, 257]",Anisocoria,H57.02
Upper abdominal pain,"[42, 55, 100, 222, 527, 608, 696, 153, 635, 702, 284, 300, 56, 620, 45, 439, 594, 248, 727, 733, 68, 482, 664, 47, 57, 187, 671, 217, 742, 471, 539, 669, 790, 654, 325, 429]","Upper abdominal pain, unspecified",R10.10
Hip pain,"[81, 321, 308, 180, 277, 198, 723, 223, 236, 628, 107, 40, 157, 126, 279, 315, 475, 707, 570, 193, 687, 573, 52, 505, 712, 603, 151, 72, 565, 584, 438, 440]",Pain in unspecified hip,M25.559
Hand or finger swelling,"[226, 376, 627, 675, 113, 161, 413, 766, 258, 509, 240, 543, 785, 209, 686, 599, 306, 44, 346, 46, 497, 95, 531, 731, 111, 58, 462, 456, 513, 350, 385]",Other specified soft tissue disorders,M79.89
Weakness,"[289, 357, 147, 512, 547, 577, 349, 144, 145, 181, 15, 506, 702, 337, 140, 413, 564, 601, 336, 342, 21, 612, 614, 132, 424, 571, 33, 250, 254, 331, 20, 492, 709, 225, 198, 613, 673, 283, 13, 651, 768, 4, 482, 574, 290, 168, 618, 643, 114, 282, 171, 402, 412, 486, 37, 355, 364, 556, 617, 559, 93, 224, 239, 360, 378, 621, 690, 720, 201, 259, 294, 130, 407, 426, 654, 743, 202, 247, 121, 381, 517]",Weakness,R53.1
Low back pain,"[321, 357, 262, 26, 450, 611, 718, 255, 280, 700, 319, 661, 723, 744, 678, 40, 721, 433, 624, 260, 279, 315, 183, 475, 570, 38, 326, 193, 687, 52, 163, 182, 72, 449, 440]","Low back pain, unspecified",M54.50
Cough,"[347, 147, 443, 658, 572, 577, 106, 80, 304, 498, 683, 789, 284, 113, 118, 413, 423, 657, 601, 605, 237, 265, 10, 630, 783, 490, 793, 571, 27, 492, 709, 784, 602, 215, 225, 198, 677, 589, 9, 431, 466, 545, 727, 761, 28, 65, 536, 664, 23, 400, 555, 618, 624, 716, 62, 228, 256, 24, 421, 685, 753, 92, 286, 171, 461, 486, 625, 82, 89, 278, 176, 524, 531, 712, 713, 351, 117, 184, 3, 471, 259, 124, 185, 507, 540, 592, 305, 122, 596]","Cough, unspecified",R05.9
Arm stiffness or tightness,"[354, 428, 448, 15, 580, 301, 137, 235, 258, 27, 679, 223, 346, 497, 31, 111, 39, 471, 103, 238]",Stiffness of unspecified elbow/arm,M25.629
Itching of skin,"[376, 708, 717, 563, 304, 153, 693, 737, 113, 140, 1, 415, 758, 212, 265, 288, 392, 79, 227, 133, 441, 490, 791, 633, 754, 143, 660, 691, 150, 9, 466, 530, 545, 97, 335, 388, 427, 174, 503, 666, 780, 123, 171, 590, 593, 298, 340, 361, 364, 373, 444, 531, 650, 776, 190, 422, 456, 740, 629, 756, 583, 596]","Pruritus, unspecified",L29.9
Abnormal appearing skin,"[376, 708, 749, 563, 587, 304, 627, 693, 737, 241, 113, 415, 423, 639, 237, 288, 333, 392, 214, 490, 791, 518, 83, 231, 143, 660, 101, 9, 387, 466, 545, 68, 411, 632, 721, 725, 734, 599, 112, 97, 335, 388, 427, 555, 386, 503, 520, 707, 780, 282, 123, 480, 534, 575, 590, 298, 361, 188, 373, 505, 531, 650, 58, 776, 422, 456, 489, 676, 584, 91, 309, 322, 152, 629, 583, 596]","Skin changes, unspecified",R23.9
Unpredictable menstruation,"[463, 494, 512, 662, 682, 339, 406, 370, 470, 75, 291, 141, 6, 626, 750, 251, 519, 74, 322, 629]","Irregular menstruation, unspecified",N92.6
Involuntary urination,"[463, 494, 380, 646, 195, 470, 508, 526, 199, 504, 511, 697, 729, 274, 500, 319, 705, 469, 667, 586, 750, 499, 642, 169, 447, 110, 96, 523, 74, 148, 517]",Unspecified urinary incontinence,R32
Muscle swelling,"[463, 762, 243, 275, 119, 704, 8, 698, 389, 292, 452, 261, 544, 582, 213, 60, 73, 82, 245, 663, 732, 323, 445, 207, 14, 152]",Other specified soft tissue disorders,M79.89
Cramps and spasms,"[494, 529, 682, 230, 303, 15, 694, 301, 370, 268, 154, 484, 356, 141, 382, 64, 99, 215, 6, 22, 150, 705, 41, 430, 487, 703, 218, 739, 92, 156, 659, 767, 363, 609, 74, 87, 257, 379, 631]",Cramp and spasm,R25.2
Vomiting blood,"[512, 702, 300, 491, 476, 484, 27, 594, 393, 36, 47, 168, 481, 412, 360, 669, 790, 160, 87]",Hematemesis,K92.0
Symptoms of the face,"[634, 374, 365, 227, 638, 558, 722, 600, 44, 37, 266, 361, 505, 327, 549, 257, 330, 121, 517]",Other general symptoms and signs,R68.89
Penis redness,"[701, 738, 310, 150, 595, 447, 434, 676, 629]",Other specified disorders of penis,N48.89
Irregular appearing nails,"[708, 563, 341, 485, 785, 599, 316, 335, 78, 16, 503, 567, 175, 776, 369]","Disorder of nails, unspecified",L60.9
Coryza,"[717, 572, 206, 396, 118, 1, 453, 657, 605, 67, 212, 128, 132, 274, 704, 231, 589, 483, 234, 610, 54, 23, 555, 637, 582, 228, 73, 176, 351, 3, 59, 311, 493, 514]",Acute nasopharyngitis [common cold],J00
White discharge from eye,"[572, 644, 371, 605, 173, 460, 200, 166, 555, 86, 108, 117, 692, 495]",Other specified disorders of eye,H57.89
Back mass or lump,"[587, 94, 725, 534, 151, 72]","Localized swelling, mass and lump of trunk",R22.2
Antisocial behavior,"[116, 2, 13, 522, 352, 560, 597, 164, 548, 253, 177]","Conduct disorder, unspecified",F91.9
Leg cramps or spasms,"[580, 241, 508, 697, 250, 263, 318, 515, 518, 747, 777, 673, 48, 283, 71, 399, 218, 276, 315, 183, 542, 266, 372, 603, 39, 58, 104, 175, 720, 772, 369, 384, 569, 438]",Cramp and spasm,R25.2
Eye moves abnormally,"[125, 243, 229, 382, 296, 25, 667, 778, 495]",Nystagmus and other irregular eye movements,H55
Uterine contractions,"[70, 356, 22, 394, 705, 399, 487, 739, 184, 552, 631]",Abnormal uterine contractions,O62.9
Skin oiliness,[265],Changes in skin texture,R23.4
Neck weakness,[606],Muscle weakness,M62.81
Vaginal redness,"[79, 487, 32, 552, 585]",Other specified noninflammatory disorders of vagina,N89.8
Knee cramps or spasms,"[275, 616]",Cramp and spasm,R25.2
Joint swelling,"[543, 405, 190, 616]",Effusion of unspecified joint,M25.40
Foot or toe lump or mass,"[485, 719, 480, 590, 772, 489, 91]","Localized swelling, mass and lump of lower limb",R22.4
Hip lump or mass,"[558, 96]","Localized swelling, mass and lump of lower limb",R22.4
Lump over jaw,[538],"Localized swelling, mass and lump, head",R22.0
Back pain,"[55, 208, 226, 357, 474, 577, 271, 339, 627, 675, 724, 26, 300, 324, 343, 646, 773, 56, 332, 195, 450, 612, 714, 268, 620, 715, 45, 280, 356, 442, 500, 515, 700, 709, 215, 231, 277, 319, 661, 38, 204, 326, 647, 752, 573, 590, 48, 236, 628, 733, 761, 576, 41, 61, 157, 452, 721, 57, 126, 433, 624, 62, 256, 260, 276, 183, 446, 475, 685, 780, 663, 742, 603, 327, 151, 163, 378, 445, 510, 653, 745, 238, 363, 407, 523, 554, 565, 440, 607]","Dorsalgia, unspecified",M54.9
Shoulder pain,"[81, 321, 782, 230, 262, 337, 450, 611, 409, 557, 308, 777, 661, 752, 573, 101, 236, 389, 678, 40, 686, 126, 388, 279, 346, 183, 475, 685, 52, 151, 103, 363, 407, 513, 172]",Pain in unspecified shoulder,M25.519
Lacrimation,"[285, 572, 334, 644, 125, 371, 605, 51, 333, 416, 460, 229, 200, 76, 203, 35, 473, 166, 23, 78, 86, 131, 386, 391, 312, 167, 525, 158, 88, 122, 454]","Epiphora, unspecified lacrimal gland",H04.20
Apnea,"[147, 145, 683, 789, 134, 425, 464, 61, 221, 368, 536, 721, 264, 566, 794, 158, 435, 322]","Apnea, not elsewhere classified",R06.81
Abnormal size or shape of ear,"[463, 60, 582, 245]","Congenital malformation of ear, unspecified",Q17.9
Long menstrual periods,"[494, 682, 339, 116, 470, 199, 75, 291, 141, 6, 73, 575, 632, 520, 245, 251, 372, 549, 164, 609, 74]",Excessive/frequent menstruation,N92.0
Wrist weakness,"[547, 635, 272, 377, 380, 423, 762, 336, 612, 735, 255, 63, 700, 759, 22, 691, 744, 204, 282, 497, 625, 196, 393, 628, 292, 764, 54, 220, 261, 446, 307, 524, 672, 323, 477, 232, 769, 706, 756]",Muscle weakness,M62.81
Painful urination,"[608, 701, 26, 711, 212, 195, 79, 268, 75, 274, 280, 500, 136, 38, 60, 447, 581, 317, 150, 9, 530, 430, 276, 666, 588, 519, 163, 653, 110, 32, 523, 740, 88, 585]","Painful micturition, unspecified",R30.9
Impotence,"[701, 302, 694, 26, 380, 526, 729, 320, 442, 319, 134, 169, 558, 469, 586, 544, 276, 175, 369, 676]","Male erectile dysfunction, unspecified",N52.9
Shoulder weakness,"[763, 782, 39, 407]",Muscle weakness,M62.81
Sweating,"[577, 470, 508, 214, 451, 697, 75, 425, 432, 673, 299, 522, 290, 399, 114, 266, 742, 378, 418, 259, 124, 419, 348, 517, 751]",Generalized hyperhidrosis,R61
Feeling ill,"[362, 145, 153, 109, 337, 1, 288, 614, 424, 613, 69, 431, 459, 651, 536, 619, 97, 290, 316, 618, 643, 707, 89, 278, 444, 142, 771, 591, 202, 381]",Other general symptoms and signs,R68.89
Hysterical behavior,"[11, 562, 338, 674, 615, 731, 771, 578]","Dissociative/conversion disorder, unspecified",F44.9
Ankle stiffness or tightness,"[787, 772]","Stiffness of ankle, unspecified",M25.673
Eye deviation,"[125, 229, 296, 516, 495]","Disorder of binocular movement, unspecified",H51.9
Vaginal pain,"[711, 79, 268, 154, 139, 269, 150, 530, 430, 649, 404, 666, 588, 531, 102, 104, 32, 740, 769, 584, 585]",Pelvic and perineal pain,R10.2
Neck cramps or spasms,"[735, 254, 395, 760, 296, 367, 752, 393, 628, 149, 458, 496, 792, 568, 363, 769]",Other muscle spasm,M62.838
Lip sore,"[133, 793, 466, 218]",Diseases of lips,K13.0
Flushing,"[729, 48]",Flushing,R23.2
Decreased heart rate,"[33, 225, 651, 457, 211, 458, 621, 202, 247, 622]","Bradycardia, unspecified",R00.1
Foot or toe cramps or spasms,"[295, 501, 87, 616]",Cramp and spasm,R25.2
Weight gain,"[100, 448, 144, 506, 694, 470, 714, 162, 1, 406, 537, 697, 571, 263, 291, 747, 99, 6, 425, 317, 389, 761, 29, 368, 457, 626, 179, 36, 582, 73, 194, 246, 539, 669, 190, 422, 244, 247, 322, 348, 465, 622]",Abnormal weight gain,R63.5
Nosebleed,"[100, 512, 634, 606, 139, 760, 541, 681, 84, 191, 753, 73, 176, 566, 104, 184, 690, 124, 636]",Epistaxis,R04.0
Depressive or psychotic symptoms,"[208, 357, 634, 230, 339, 362, 366, 115, 11, 70, 336, 641, 562, 109, 49, 137, 561, 670, 293, 20, 759, 2, 613, 781, 13, 455, 521, 522, 741, 768, 623, 574, 352, 5, 726, 36, 54, 220, 618, 105, 204, 286, 402, 37, 219, 505, 556, 672, 732, 93, 659, 96, 201, 160, 164, 403, 435, 507, 771, 202, 706]","Depression, unspecified",F32.A
Arm pain,"[321, 354, 428, 658, 763, 155, 724, 787, 450, 611, 161, 258, 254, 700, 704, 661, 223, 236, 459, 678, 686, 574, 260, 279, 183, 475, 481, 730, 480, 752, 573, 52, 245, 298, 111, 39, 58, 151, 378, 418, 238, 363, 407, 513, 591, 172, 440, 751]","Pain in arm, unspecified",M79.603
Redness in or around nose,"[428, 541, 681, 197, 636, 699, 607]",Other skin changes,R23.8
Abusing alcohol,"[474, 362, 155, 11, 668, 342, 641, 281, 504, 736, 788, 432, 677, 210, 297, 521, 522, 733, 623, 674, 276, 352, 5, 36, 57, 481, 69, 219, 239, 669, 636, 591, 578]","Alcohol abuse, uncomplicated",F10.10
Anxiety and nervousness,"[527, 362, 366, 116, 144, 70, 365, 281, 301, 728, 557, 784, 136, 2, 698, 521, 522, 727, 741, 761, 674, 264, 352, 5, 615, 36, 481, 69, 282, 82, 219, 663, 779, 327, 597, 259, 294, 160, 253, 177]","Anxiety disorder, unspecified",F41.9
Skin growth,"[529, 749, 587, 553, 693, 737, 288, 526, 415, 639, 711, 758, 227, 535, 791, 280, 320, 633, 754, 76, 83, 99, 143, 8, 660, 249, 733, 44, 213, 16, 408, 503, 520, 719, 567, 112, 97, 388, 427, 544, 171, 464, 534, 640, 575, 593, 246, 361, 373, 776, 207, 422, 676, 91, 330, 583]","Disorder of skin, unspecified",L98.9
Painful sinuses,"[206, 67, 365, 630, 679, 753, 23, 176, 531, 566, 471, 88, 305, 631]",Other specified disorders of nose and nasal sinuses,J34.89
Irregular belly button,"[303, 714, 411, 191, 217, 233, 640, 647, 251, 458, 419, 172]","Congenital malformation, unspecified",Q89.9
Eyelid swelling,"[334, 644, 12, 460, 648, 200, 76, 191, 386, 340, 117, 699, 152]","Edema of unspecified eye, unspecified eyelid",H02.849
Depression,"[362, 366, 115, 116, 153, 11, 668, 235, 641, 562, 109, 281, 728, 561, 511, 557, 759, 602, 613, 698, 210, 297, 522, 727, 107, 61, 623, 674, 352, 5, 615, 726, 105, 69, 497, 219, 444, 779, 327, 477, 597, 259, 160, 403, 771, 242, 253, 177, 578]","Depression, unspecified",F32.A
Temper problems,"[116, 683, 641, 281, 728, 308, 2, 781, 521, 741, 65, 368, 623, 674, 352, 615, 560, 54, 647, 219, 779, 471, 659, 597, 164, 548, 676, 771, 592, 87, 253, 578]",Irritability and anger,R45.4
Poor circulation,"[627, 550, 263, 518, 632, 667, 569]","Disorder of circulatory system, unspecified",I99.9
Low back swelling,[94],"Localized swelling, mass and lump of trunk",R22.2
Bleeding or discharge from nipple,"[162, 33, 138, 640, 575, 251, 372, 765]",Nipple discharge,N64.52
Premature ejaculation,"[511, 276, 499]",Premature ejaculation,F52.4
Feet turned in,"[99, 667]","Congenital deformity of feet, unspecified",Q66.9
Change in skin mole size or color,"[660, 295, 776]","Melanocytic nevi, unspecified",D22.9
Ankle weakness,[775],Muscle weakness,M62.81
Elbow lump or mass,"[197, 172]","Localized swelling, mass and lump of upper limb",R22.3
Posture problems,[286],Abnormal posture,R29.3
Stomach bloating,"[42, 222, 608, 696, 21, 718, 491, 476, 557, 620, 439, 472, 788, 224, 669, 47, 410, 774, 655, 384, 171, 438]",Abdominal distension,R14.0
Kidney mass,"[42, 280, 310, 669, 355, 68]",Other specified disorders of kidney,N28.89
Fluid retention,"[81, 354, 376, 717, 304, 144, 17, 374, 668, 94, 342, 614, 162, 413, 639, 601, 571, 472, 518, 225, 240, 432, 673, 314, 689, 768, 84, 168, 399, 643, 188, 559, 435, 456, 468, 66, 4, 411, 734, 464, 478, 604, 309]","Edema, unspecified",R60.9
Elbow weakness,"[208, 547, 230, 635, 675, 336, 272, 377, 762, 255, 63, 700, 704, 759, 602, 691, 744, 101, 389, 323, 327, 445, 477, 213, 276, 446, 261, 544, 643, 716, 582, 82, 307, 524, 672, 232, 584, 107, 292, 452, 764, 193, 497, 625, 152, 706, 756]",Muscle weakness,M62.81
Excessive growth,"[208, 230, 336, 612, 735, 272, 377, 762, 255, 63, 254, 395, 700, 759, 760, 602, 367, 22, 196, 393, 628, 327, 477, 496, 539, 792, 568, 62, 446, 716, 672, 232, 769, 584, 68, 149, 764, 204, 625, 429, 706, 756]",Delayed/other physical development,R62.59
Ankle swelling,"[226, 18, 241, 331, 518, 420, 775, 101, 341, 772, 95, 292, 295, 244, 350, 528]",Effusion/swelling of ankle,M25.473
Back weakness,"[463, 380, 119, 537, 755, 698, 239, 582, 663, 107, 60]",Muscle weakness,M62.81
Irritable infant,"[749, 396, 598, 235, 49, 118, 453, 119, 490, 421, 108, 89, 592, 65, 233]",Fussy infant,R68.12
Pain during pregnancy,"[796, 362, 189, 702, 56, 70, 333, 170, 26, 375, 268, 328, 154, 479, 27, 356, 64, 394, 705, 205, 767, 770, 344, 739, 390, 399, 430, 487, 703, 579, 156, 519, 32, 50, 345, 449, 41, 397, 467, 90, 135, 533, 552, 631, 665, 585]",Other specified pregnancy related conditions,O26.899
Congestion in chest,"[206, 451, 225, 483, 174, 59, 507, 676, 234, 282, 514]",Other specified symptoms involving circulatory/respiratory system,R09.89
Eye burns or stings,"[334, 644, 371, 605, 275, 416, 460, 648, 200, 710, 203, 473, 117, 131, 386, 391, 166, 312, 167, 525, 403, 35, 122, 454]",Other specified disorders of eye,H57.89
"Muscle cramps, contractures, or spasms","[145, 181, 718, 697, 382, 183, 712, 72, 238, 403, 647, 438]",Cramp and spasm,R25.2
Eye strain,"[735, 337, 367, 691, 196, 689, 323, 496, 792, 568, 54, 220, 307, 292, 149, 282, 497]",Unspecified subjective visual disturbances,H53.10
Polyuria,"[331, 768, 501]",Other polyuria,R35.89
Bedwetting,"[395, 367, 496, 792, 568, 642, 149, 586]",Nocturnal enuresis,N39.44
Vaginal bleeding after menopause,[588],Postmenopausal bleeding,N95.0
Sore throat,"[106, 206, 396, 789, 598, 443, 572, 118, 423, 657, 43, 67, 237, 10, 128, 132, 133, 793, 744, 461, 746, 483, 689, 234, 610, 664, 112, 146, 23, 400, 555, 637, 228, 421, 695, 176, 713, 566, 351, 3, 259, 311, 493, 514]","Acute pharyngitis, unspecified",J02.9
Redness in ear,"[80, 498, 789, 436, 443, 237, 630, 92, 65, 146, 84, 228, 695, 753, 351, 794, 207, 532, 592, 216]",Other specified disorders of ear,H93.8
Headache,"[80, 206, 262, 302, 339, 115, 15, 396, 694, 702, 81, 270, 289, 357, 109, 301, 337, 118, 165, 383, 657, 728, 773, 561, 43, 67, 333, 450, 614, 783, 34, 12, 424, 484, 648, 670, 738, 793, 63, 382, 439, 784, 594, 277, 198, 541, 638, 661, 673, 677, 679, 781, 92, 204, 326, 123, 417, 461, 486, 752, 431, 459, 483, 678, 722, 40, 41, 61, 66, 68, 368, 610, 626, 667, 574, 146, 23, 481, 637, 264, 279, 346, 114, 174, 183, 475, 753, 780, 37, 52, 278, 176, 444, 505, 525, 672, 712, 566, 93, 239, 184, 186, 378, 510, 539, 659, 778, 790, 96, 294, 363, 158, 190, 426, 468, 540, 636, 743, 257, 311, 121, 152, 381, 514, 631, 652]","Headache, unspecified",R51.9
Underweight,"[230, 272, 762, 336, 63, 602, 292, 261, 31, 307, 323]",Underweight,R63.6
Double vision,"[271, 371, 51, 508, 275, 229, 198, 473, 25, 127, 166, 516, 716, 86, 131, 391, 312, 167, 158, 636, 607]",Diplopia,H53.2
Blood in stool,"[303, 506, 159, 557, 594, 210, 248, 107, 66, 47, 399, 410, 649, 671, 53, 191, 757, 245, 655, 175, 546, 669, 748, 767, 468, 654, 592, 325, 379, 429]",Melena/blood in stool,K92.1
Muscle stiffness or tightness,"[349, 120, 777, 687, 730, 44, 385]",Other specified disorders of muscle,M62.89
Hostile behavior,"[362, 116, 11, 109, 49, 281, 728, 641, 562, 69, 210, 297, 455, 521, 522, 741, 674, 54, 127, 481, 5, 615, 560, 219, 556, 779, 597, 160, 164, 403, 548, 771, 253, 578]",Hostility,R45.5
Excessive appetite,"[116, 221, 623, 36, 458, 501, 422, 552]",Polyphagia,R63.2
Restlessness,"[129, 301, 27, 741, 127, 352, 560, 164, 178, 403, 548, 253, 578]",Restlessness and agitation,R45.1
Nightmares,"[11, 741, 688, 597, 548, 348]",Nightmare disorder,F51.5
Loss of sensation,"[15, 321, 7, 547, 165, 550, 564, 450, 243, 258, 670, 254, 700, 759, 277, 198, 661, 679, 73, 573, 236, 722, 61, 619, 632, 574, 316, 187, 730, 256, 279, 315, 114, 183, 16, 475, 570, 95, 505, 556, 672, 603, 93, 327, 510, 690, 294, 130, 407, 426, 743, 257, 121, 172]",Anesthesia of skin,R20.0
Arm weakness,"[15, 724, 289, 354, 658, 161, 656, 235, 21, 382, 661, 194, 687, 752, 573, 238, 591]",Muscle weakness,M62.81
Muscle pain,"[488, 627, 694, 787, 763, 343, 383, 370, 511, 263, 308, 277, 432, 679, 295, 558, 329, 126, 405, 174, 31, 52, 239, 142, 565, 244, 465]","Myalgia, unspecified site",M79.10
Pulling at ears,"[498, 453, 630, 647, 466, 65, 228, 351, 592, 305, 493]","Otalgia, unspecified ear",H92.09
Regurgitation,"[506, 580, 100, 222, 527, 284, 300, 377, 620, 27, 472, 500, 704, 215, 744, 217, 604, 248, 681, 733, 329, 482, 47, 187, 410, 774, 551, 645, 742, 182, 790, 190, 786, 795, 87, 148, 429]","Vomiting/regurgitation, unspecified",R11.10
Mouth ulcer,"[598, 100, 717, 237, 133, 398, 417, 593, 545, 727, 329, 112, 400, 421, 298, 358, 287, 471, 185]",Other forms of stomatitis,K12.1
Unusual color or odor to urine,"[42, 718, 45, 273, 48, 249, 315, 501, 384, 654, 631]","Abnormal findings in urine, unspecified",R82.90
Bleeding from eye,"[285, 51, 173, 648, 131, 391, 167]",Other specified disorders of eye,H57.89
Abnormal movement of eyelid,"[289, 49, 125, 371, 51, 508, 460, 537, 296, 8, 781, 473, 25, 131, 167, 117, 659, 692, 495, 257, 454]",Other abnormalities affecting eyelid function,H02.59
Neck mass,"[428, 436, 656, 212, 537, 638, 194, 534, 640, 28, 329, 725, 192, 713, 384, 489, 540, 795, 309]","Localized swelling, mass and lump, neck",R22.1
Feeling hot,"[448, 414, 673, 98, 364, 699]",Other general symptoms and signs,R68.89
Too little hair,"[512, 406, 758, 392, 263, 387, 335, 127, 405, 503, 520, 98, 266, 361, 501, 91, 322]","Nonscarring hair loss, unspecified",L65.9
Wheezing,"[658, 113, 383, 453, 128, 132, 27, 461, 746, 483, 234, 536, 610, 59, 507, 311, 493, 514]",Wheezing,R06.2
Vulvar irritation,"[662, 763, 711, 79, 535, 32]",Other specified disorders of vulva,N90.89
Blood in urine,"[701, 324, 380, 646, 56, 332, 195, 441, 504, 715, 729, 274, 280, 320, 442, 784, 319, 136, 394, 38, 299, 169, 447, 581, 317, 68, 469, 586, 213, 191, 499, 642, 355, 102, 104, 163, 110, 96, 369, 523, 148, 465]","Hematuria, unspecified",R31.9
Bumps on penis,"[701, 749, 299, 676, 91, 583]","Disorder of penis, unspecified",N48.9
Symptoms of bladder,"[324, 646, 195, 504, 729, 500, 169, 447, 310, 317, 469, 586, 77, 102, 182, 523]","Bladder disorder, unspecified",N32.9
Symptoms of infants,"[27, 65]","Condition originating in perinatal period, unspecified",P96.9
Bleeding in mouth,"[398, 541, 400, 192, 287, 532, 538]",Other lesions of oral mucosa,K13.79
Premenstrual tension or irritability,[98],Premenstrual tension syndrome,N94.3
Lower abdominal pain,"[55, 527, 529, 682, 696, 339, 56, 526, 324, 140, 646, 79, 268, 154, 199, 715, 274, 291, 320, 356, 439, 442, 500, 64, 22, 394, 530, 163, 496, 653, 748, 767, 53, 213, 404, 739, 595, 388, 430, 487, 671, 77, 156, 519, 655, 41, 110, 32, 609, 38, 60, 217, 269, 299, 326, 581, 74, 325]","Lower abdominal pain, unspecified",R10.30
Hurts to breath,"[81, 347, 789, 332, 453, 128, 424, 451, 571, 709, 215, 231, 677, 151, 175, 621, 256, 685, 252, 536, 507, 554]",Chest pain on breathing,R07.1
Hand or finger pain,"[226, 627, 611, 161, 564, 258, 738, 492, 700, 198, 543, 661, 678, 785, 462, 260, 408, 707, 126, 298, 505, 29, 149, 686, 407, 513, 554, 584, 497, 350, 172]",Pain in unspecified hand,M79.643
Skin lesion,"[270, 708, 717, 563, 553, 627, 693, 265, 392, 165, 639, 758, 227, 133, 490, 535, 633, 754, 602, 231, 240, 143, 660, 9, 485, 545, 462, 510, 16, 780, 567, 112, 335, 388, 427, 361, 373, 650, 667, 725, 190, 456, 740, 584, 60, 193, 464, 534, 590, 593, 88, 91, 330, 756, 583, 596]","Disorder of skin, unspecified",L98.9
Plugged feeling in ear,"[270, 436, 443, 80, 302, 498, 34, 351, 228, 114, 192, 695, 261, 637, 566, 207, 216, 305, 680]",Other specified disorders of ear,H93.8
Fatigue,"[289, 357, 147, 7, 796, 153, 189, 488, 342, 170, 343, 1, 375, 383, 491, 561, 601, 328, 12, 424, 511, 537, 697, 414, 492, 515, 704, 425, 432, 613, 48, 283, 459, 558, 651, 211, 510, 539, 720, 770, 264, 344, 191, 24, 542, 47, 187, 390, 579, 52, 245, 278, 505, 551, 617, 645, 559, 61, 68, 71, 368, 4, 457, 536, 574, 50, 96, 259, 345, 14, 554, 282, 397, 412, 467, 90, 242, 322, 348, 135, 465, 533, 622, 665]",Other fatigue,R53.83
Lower body pain,"[321, 262, 303, 553, 94, 718, 324, 639, 620, 670, 277, 723, 236, 182, 418, 546, 315, 475, 570, 57, 433, 649, 246, 617, 742, 603, 40, 252, 686, 72, 238, 565, 46, 295, 573, 581, 751]","Pain, unspecified",R52
Shoulder stiffness or tightness,"[354, 428, 763, 782, 155, 787, 223, 39, 401, 103, 238, 385]",Stiffness of unspecified shoulder,M25.619
Mass on ear,"[354, 693, 207]","Localized swelling, mass and lump, head",R22.0
Insomnia,"[147, 7, 527, 115, 116, 237, 450, 641, 281, 728, 561, 243, 670, 704, 240, 2, 425, 613, 297, 455, 521, 741, 352, 615, 726, 36, 643, 779, 61, 368, 4, 623, 674, 105, 69, 746]","Insomnia, unspecified",G47.00
Skin on leg or foot looks infected,"[19, 708, 550, 214, 359, 318, 518, 83, 485, 785, 58, 434, 437, 462, 503, 719, 411, 599, 480, 590, 309]",Local infection of skin and subcutaneous tissue,L08.9
Throat feels tight,"[436, 106, 129, 144, 488, 338, 537, 215, 589, 186, 794, 192, 127, 246, 28, 795, 87]",Foreign body sensation in throat,R09.A2
Recent pregnancy,"[512, 70, 359, 767, 487, 4, 411, 452, 740, 575]","Pregnant state, incidental",Z33.1
"Skin dryness, peeling, scaliness, or roughness","[708, 563, 587, 693, 737, 288, 415, 711, 758, 227, 451, 791, 633, 754, 83, 143, 660, 776, 503, 520, 567, 97, 335, 427, 361, 188, 373, 650, 599, 590, 593, 91, 309, 330, 629, 583, 596]",Xerosis cutis,L85.3
Pain or soreness of breast,"[796, 189, 580, 170, 714, 375, 328, 479, 291, 761, 205, 770, 256, 344, 346, 719, 390, 579, 77, 372, 617, 603, 138, 50, 345, 397, 464, 467, 640, 90, 135, 533, 665, 684, 765]",Mastodynia,N64.4
Neck stiffness or tightness,"[365, 450, 301, 34, 541, 39, 624, 232, 363, 495]",Torticollis,M43.6
Back cramps or spasms,"[365, 451, 180, 134, 394, 218, 315, 570, 72, 565]",Muscle spasm of back,M62.830
Low self-esteem,"[641, 788, 2, 698, 210, 521, 741, 182, 352, 615, 219, 779, 623, 160, 548, 771, 216, 253]",Low self-esteem,R45.81
Pus in urine,"[275, 698, 14, 60]",Pyuria,R82.81
Diaper rash,"[119, 9, 117, 421, 503, 666, 650, 124, 629]",Diaper dermatitis,L22
Problems with orgasm,[511],Female orgasmic disorder,F52.31
Pelvic pressure,"[395, 760, 367, 102, 496, 792, 568, 703, 149, 552, 631]",Pelvic and perineal pain,R10.2
Breathing fast,"[294, 105]",Tachypnea,R06.82
Decreased appetite,"[42, 222, 696, 683, 598, 118, 140, 453, 237, 21, 614, 783, 484, 45, 472, 240, 319, 466, 768, 65, 66, 36, 290, 618, 716, 24, 224, 117, 142, 471, 510, 748, 384, 407, 468, 795, 202, 242]",Anorexia,R63.0
Shortness of breath,"[55, 81, 289, 512, 608, 362, 115, 396, 488, 694, 383, 453, 773, 561, 43, 342, 10, 255, 132, 451, 670, 33, 63, 250, 331, 139, 414, 709, 231, 273, 134, 425, 673, 677, 48, 393, 483, 651, 727, 576, 71, 234, 252, 368, 4, 610, 664, 105, 204, 286, 123, 746, 47, 618, 637, 62, 84, 256, 685, 663, 224, 151, 418, 720, 59, 14, 426, 435, 554, 654, 242, 247, 311, 348, 493, 517, 751]",Shortness of breath,R06.02
Dizziness,"[81, 100, 270, 289, 7, 436, 512, 80, 271, 349, 129, 488, 506, 702, 724, 26, 49, 300, 140, 1, 773, 561, 564, 43, 365, 450, 614, 34, 484, 670, 293, 20, 414, 784, 613, 679, 48, 283, 13, 455, 651, 722, 452, 457, 619, 105, 123, 402, 461, 486, 746, 604, 261, 290, 316, 730, 84, 695, 726, 37, 355, 364, 156, 444, 524, 556, 617, 93, 211, 360, 510, 549, 690, 720, 96, 201, 232, 294, 124, 190, 14, 426, 449, 743, 591, 202, 216, 242, 247, 348, 177, 517, 607, 706, 751]",Dizziness and giddiness,R42
Joint pain,"[100, 226, 321, 7, 448, 343, 258, 409, 432, 723, 387, 157, 667, 171, 193, 412, 647, 126, 405, 410, 427, 433, 750, 44, 502, 82, 505, 731, 471, 772, 201, 190, 513, 554, 786, 244, 350, 172, 438, 465]",Pain in unspecified joint,M25.50
Swollen tongue,"[270, 304, 598, 793, 647, 218, 364, 471]",Other diseases of tongue,K14.8
Focal weakness,"[289, 349, 15, 137, 21, 370, 562, 557, 670, 20, 283, 455, 169, 402, 316, 405, 730, 44, 588, 37, 364, 621, 745, 259, 384, 743]",Weakness,R53.1
Neck swelling,"[354, 374, 656, 508, 537, 83, 689, 28, 194, 480, 127, 95, 340, 713, 287, 186, 178, 540, 699]","Localized swelling, mass and lump, neck",R22.1
Ear pain,"[436, 206, 302, 118, 67, 630, 783, 34, 128, 760, 541, 589, 431, 689, 28, 65, 610, 417, 261, 146, 23, 400, 555, 637, 114, 278, 358, 176, 713, 186, 539, 232, 178, 540, 216, 305, 514]","Otalgia, unspecified ear",H92.09
Heavy menstrual flow,"[463, 512, 662, 682, 339, 506, 406, 370, 470, 359, 154, 75, 6, 269, 404, 739, 98, 245, 767, 435, 609, 74, 322]",Excessive/frequent menstruation,N92.0
Skin pain,"[717, 693, 485, 434, 437, 740]",Other disturbances of skin sensation,R20.8
Mass in scrotum,"[749, 526, 320, 310, 299, 581, 544, 595, 108, 551, 546]",Other specified disorders of male genital organs,N50.89
Warts,"[749, 563, 737, 415, 758, 265, 288, 392, 227, 791, 633, 660, 781, 92, 299, 464, 640, 520, 567, 98, 776, 422, 489, 322, 583, 596]","Viral wart, unspecified",B07.9
Excessive anger,"[796, 116, 189, 11, 281, 375, 728, 70, 170, 641, 328, 479, 2, 677, 698, 781, 210, 297, 521, 522, 741, 623, 674, 69, 397, 467, 36, 390, 579, 344, 352, 5, 615, 560, 219, 551, 779, 205, 175, 659, 770, 597, 50, 345, 160, 548, 771, 90, 253, 135, 533, 665, 578]",Irritability and anger,R45.4
Skin on arm or hand looks infected,"[587, 553, 787, 766, 214, 509, 83, 240, 136, 785, 411, 599, 707, 184, 385]",Local infection of skin and subcutaneous tissue,L08.9
Irregular heartbeat,"[115, 508, 424, 697, 33, 308, 134, 651, 71, 252, 457, 105, 516, 542, 246, 617, 211, 418, 621, 720, 294, 14, 247, 348, 381, 465, 517, 622, 751]",Palpitations,R00.2
Nailbiting,"[635, 675, 377, 762, 336, 735, 255, 254, 759, 691, 744, 196, 389, 393, 628, 689, 452, 619, 721, 599, 282, 497, 220, 261, 446, 82, 307, 524, 672, 445, 477, 792, 568, 769]",Other specified behavioral disorders,F98.8
Loss of sex drive,"[470, 735, 511, 395, 754, 760, 367, 2, 393, 628, 149, 626, 499, 251, 551, 496, 792, 568, 769]",Decreased libido,R68.82
Throat irritation,"[338, 210, 752, 765]",Other diseases of pharynx,J39.2
Pallor,"[120, 576, 44, 621]",Pallor,R23.1
Itching of scrotum,"[389, 452, 732, 445, 158]",Pruritus scroti,L29.1
Hand or finger lump or mass,"[209, 725, 599, 388, 750, 44, 408]","Localized swelling, mass and lump of upper limb",R22.3
Early or late onset of menopause,"[104, 438]",Menopausal and female climacteric states,N95.1
Groin mass,"[42, 55, 553, 370, 165, 320, 472, 310, 329, 542, 642, 595, 217, 534, 77, 776, 489]",Other intra-abdominal/pelvic swelling or mass,R19.09
Rib pain,"[81, 262, 271, 145, 43, 332, 343, 709, 215, 723, 256, 685, 478]",Pleurodynia/rib pain,R07.81
Pain in eye,"[285, 717, 796, 572, 644, 51, 125, 162, 371, 383, 605, 275, 12, 416, 479, 229, 710, 755, 76, 296, 8, 473, 722, 25, 78, 86, 131, 391, 780, 146, 166, 390, 516, 555, 35, 73, 604, 312, 340, 167, 444, 205, 692, 158, 495, 532, 636, 786, 257, 122, 152, 454, 665]","Ocular pain, unspecified eye",H57.10
Leg swelling,"[19, 376, 547, 577, 181, 18, 241, 413, 30, 571, 318, 180, 518, 225, 240, 420, 223, 341, 157, 4, 411, 632, 408, 719, 405, 46, 193, 82, 617, 58, 104, 462, 456, 489, 584, 309, 350]",Other specified soft tissue disorders,M79.89
Wrist pain,"[428, 796, 262, 155, 189, 17, 235, 170, 18, 611, 161, 375, 328, 479, 738, 543, 678, 44, 344, 408, 390, 579, 193, 397, 467, 497, 245, 731, 111, 205, 770, 50, 103, 345, 513, 90, 350, 135, 172, 385, 533, 665]",Pain in unspecified wrist,M25.539
Itchy ear(s),"[436, 443, 34, 329]","Pruritus, unspecified",L29.9
Diminished hearing,"[443, 634, 106, 80, 302, 498, 630, 606, 34, 338, 537, 20, 136, 541, 393, 107, 228, 114, 695, 146, 478, 604, 340, 351, 794, 207, 124, 489, 305, 381, 706]","Hearing loss, unspecified",H91.90
Facial pain,"[443, 634, 796, 80, 206, 271, 302, 189, 374, 67, 170, 606, 49, 375, 383, 564, 328, 479, 648, 20, 398, 492, 541, 638, 283, 28, 344, 192, 753, 780, 112, 390, 400, 579, 397, 417, 467, 480, 340, 358, 176, 713, 566, 205, 770, 50, 345, 178, 538, 90, 257, 121, 135, 533, 607, 665, 680]",Headache/facial pain,R51.9
Back stiffness or tightness,"[448, 658, 570, 385]",Stiffness of other specified joint,M25.69
Penile discharge,"[701, 441, 310, 9, 676]","Urethral discharge, unspecified",R36.9
Foot or toe pain,"[708, 563, 675, 724, 611, 550, 492, 784, 602, 83, 775, 341, 459, 678, 29, 292, 632, 599, 260, 279, 346, 408, 503, 306, 388, 193, 480, 95, 298, 58, 462, 772, 513, 569, 88]",Pain in unspecified foot,M79.673
Allergic reaction,"[717, 302, 304, 668, 789, 423, 781, 589, 431, 276, 695, 753, 316, 23, 286, 123, 171, 464, 89, 364, 188, 645, 650, 712, 566, 239, 794, 59, 207, 259, 305, 122, 596]","Allergy, unspecified",T78.40XA
Bowlegged or knock-kneed,"[782, 377, 29, 764, 756]",Other specified acquired deformities of lower leg,M21.869
Symptoms of the kidneys,"[230, 144, 145, 181, 324, 120, 620, 280, 331, 472, 788, 273, 319, 267, 329, 642, 47, 282, 478, 355, 175, 501, 369, 699, 569, 148, 465]","Disorder of kidney, unspecified",N28.9
Pus draining from ear,"[498, 78, 108, 207, 495]","Otorrhea, unspecified ear",H92.10
Tongue pain,"[598, 398, 722, 192]",Glossodynia,K14.6
Mass or swelling around the anus,"[94, 639, 757, 649, 750, 546]",Other specified diseases of anus and rectum,K62.89
Cloudy eye,"[333, 473, 167, 525]","Disorder of eye, unspecified",H57.9
Suprapubic pain,"[195, 324, 377, 380, 646, 79, 441, 504, 715, 274, 280, 500, 249, 317, 196, 9, 107, 586, 213, 404, 666, 430, 618, 38, 169, 447, 98, 102, 163, 653, 110, 32, 523, 740, 585]",Pelvic and perineal pain,R10.2
Sore in nose,"[606, 545]",Other specified disorders of nose and nasal sinuses,J34.89
Feeling cold,"[263, 331, 273, 198, 168, 35, 501, 569]",Other general symptoms and signs,R68.89
Dry lips,"[398, 112, 647, 538, 680]",Diseases of lips,K13.0
Jaw pain,"[638, 146]",Jaw pain,R68.84
Hesitancy,"[469, 586, 169]",Hesitancy of micturition,R39.11
Eyelid retracted,[164],"Eyelid retraction, unspecified eye",H02.539
Back swelling,[765],"Localized swelling, mass and lump of trunk",R22.2
Chills,"[100, 696, 353, 1, 657, 601, 365, 783, 132, 45, 442, 760, 240, 136, 558, 66, 619, 618, 671, 53, 269, 575, 505, 617, 186, 124, 468, 507, 554, 177, 514]",Chills without fever,R68.83
Constipation,"[208, 222, 527, 303, 694, 491, 212, 195, 439, 744, 248, 482, 187, 649, 671, 53, 213, 421, 89, 98, 645, 663, 559, 546, 130, 164, 242, 325, 148, 379, 429]","Constipation, unspecified",K59.00
Bones are painful,"[226, 354, 763, 262, 94, 714, 258, 180, 700, 777, 387, 785, 29, 405, 502, 295, 194, 534, 687, 575, 151, 745, 776, 238, 532, 385, 438, 765]","Disorder of bone, unspecified",M89.8X9
Pelvic pain,"[226, 463, 494, 529, 682, 339, 26, 406, 646, 711, 94, 370, 470, 79, 154, 199, 441, 504, 535, 75, 274, 291, 356, 141, 64, 6, 317, 387, 530, 761, 40, 41, 388, 430, 433, 643, 404, 666, 739, 588, 60, 687, 77, 156, 373, 519, 102, 653, 32, 449, 609, 740, 74, 585]",Pelvic and perineal pain,R10.2
Skin irritation,"[270, 448, 708, 587, 737, 415, 288, 392, 227, 338, 738, 791, 754, 83, 143, 660, 503, 719, 567, 480, 298, 188, 372, 373, 650, 471, 178, 532, 596]",Other skin changes,R23.8
Symptoms of eye,"[285, 572, 334, 627, 635, 644, 125, 51, 333, 34, 173, 12, 416, 460, 648, 229, 200, 633, 710, 755, 76, 99, 203, 296, 8, 432, 473, 25, 626, 166, 516, 555, 78, 86, 131, 386, 391, 35, 312, 340, 167, 525, 117, 659, 690, 692, 190, 121, 122, 152, 454, 680]","Disorder of eye, unspecified",H57.9
Knee stiffness or tightness,"[159, 18, 718, 30, 409, 101, 314, 341, 157, 502, 266, 616]",Stiffness of unspecified knee,M25.669
Disturbance of memory,"[7, 271, 349, 144, 724, 49, 301, 137, 21, 450, 243, 20, 784, 2, 679, 698, 297, 387, 521, 558, 368, 667, 481, 174, 73, 37, 266, 93, 239, 549, 690, 778, 96, 201, 743, 438, 680]",Other amnesia,R41.3
Nasal congestion,"[436, 572, 106, 80, 206, 396, 498, 683, 694, 789, 113, 453, 657, 762, 605, 43, 67, 265, 630, 783, 128, 132, 395, 225, 198, 589, 431, 466, 483, 545, 65, 234, 610, 146, 555, 637, 84, 228, 421, 695, 461, 746, 89, 278, 713, 732, 351, 117, 794, 59, 207, 592, 305, 311, 122, 493, 514]",Nasal congestion,R09.81
Hot flashes,"[448, 162, 406, 370, 606, 263, 139, 141, 777, 6, 317, 138, 626, 127, 168, 404, 588, 269, 194, 604, 266, 110, 751, 765]",Flushing,R23.2
Emotional symptoms,"[547, 1, 377, 380, 762, 336, 255, 119, 557, 293, 755, 22, 691, 389, 761, 107, 292, 764, 54, 261, 643, 62, 446, 60, 299, 82, 307, 524, 732, 239, 445, 232, 152, 429, 706, 756]",Other symptoms involving emotional state,R45.89
Jaundice,"[608, 662, 153, 491, 119, 45, 48, 249, 625, 108, 31, 654, 795]",Unspecified jaundice,R17
Drug abuse,"[634, 782, 145, 668, 109, 281, 728, 70, 342, 641, 788, 677, 781, 297, 521, 674, 276, 313, 615, 685, 69, 779, 239, 327, 160, 591, 253]","Other psychoactive substance abuse, uncomplicated",F19.10
Knee lump or mass,"[658, 796, 189, 375, 170, 612, 735, 328, 479, 254, 395, 760, 367, 101, 196, 393, 628, 29, 149, 390, 579, 344, 408, 397, 467, 205, 496, 539, 770, 792, 568, 50, 345, 769, 90, 135, 533, 616, 665, 583]","Localized swelling, mass and lump of lower limb",R22.4
Hand or finger stiffness or tightness,"[763, 580, 161, 766, 509, 788, 209, 306, 405, 44, 179, 169, 687, 95, 731, 111, 39, 458, 172, 385]",Stiffness of unspecified hand,M25.649
Swollen lymph nodes,"[587, 580, 656, 237, 414, 689, 25, 28, 417, 278, 531, 713, 186, 748, 540]","Enlarged lymph nodes, unspecified",R59.9
Drainage in throat,"[129, 789, 243, 451, 709, 319, 387, 667, 127, 24, 446, 642, 685, 757, 204, 233, 461, 752, 142, 794, 96, 348]",Postnasal drip,R09.82
Flu-like syndrome,"[144, 153, 498, 657, 466, 689, 66, 480, 514]",Other general symptoms and signs,R68.89
Tongue lesions,"[144, 598, 237, 370, 793, 400, 218, 191, 192, 421, 726, 39]",Other diseases of tongue,K14.8
Excessive urination at night,"[189, 375, 170, 195, 328, 729, 320, 310, 317, 469, 586, 579, 344, 179, 499, 642, 169, 397, 447, 467, 551, 102, 770, 50, 345, 523, 90, 135, 438, 465, 533, 622]",Nocturia,R35.1
Cross-eyed,"[635, 337, 377, 423, 229, 22, 691, 196, 25, 764, 220, 62, 446, 458, 477, 495, 429, 756]","Strabismus, unspecified",H50.9
Disturbance of smell or taste,"[241, 562, 455, 753, 434]","Disturbance of smell and taste, unspecified",R43.9
Sneezing,"[113, 265, 359, 23, 637, 188, 287, 122]",Sneezing,R06.7
Hand or finger cramps or spasms,"[550, 385, 465]",Cramp and spasm,R25.2
Skin on head or neck looks infected,"[545, 480]",Local infection of skin and subcutaneous tissue,L08.9
Abnormal appearing tongue,"[421, 266, 39]","Disease of tongue, unspecified",K14.9
Nose deformity,[520],Acquired deformity of nose,M95.0
Foot or toe weakness,"[752, 378, 772, 528]",Muscle weakness,M62.81
Nausea,"[55, 100, 208, 222, 527, 529, 608, 634, 696, 271, 302, 366, 153, 181, 702, 109, 26, 284, 300, 301, 324, 337, 140, 413, 491, 657, 773, 601, 365, 614, 268, 128, 476, 484, 620, 715, 45, 250, 291, 293, 20, 439, 492, 594, 136, 22, 673, 13, 733, 768, 57, 290, 168, 187, 410, 430, 624, 671, 730, 774, 278, 355, 364, 156, 519, 645, 655, 712, 742, 559, 360, 163, 418, 549, 653, 748, 790, 53, 62, 213, 256, 114, 130, 426, 449, 468, 654, 41, 66, 68, 252, 482, 619, 664, 38, 73, 286, 326, 123, 171, 402, 461, 202, 242, 325, 177, 381, 429, 684]",Nausea,R11.0
Diminished vision,"[289, 147, 334, 371, 605, 173, 416, 648, 254, 200, 20, 382, 704, 755, 76, 203, 8, 727, 716, 730, 37, 340, 167, 525, 549, 692, 391, 201, 158, 185, 449, 786, 25, 68, 764, 73, 92, 402, 604, 88, 257, 121, 122]",Unspecified visual loss,H54.7
Slurring words,"[289, 357, 15, 668, 21, 562, 398, 2, 297, 168, 37, 444, 93, 458, 5, 160, 538, 591, 457, 402, 604]",Slurred speech,R47.81
Hoarse voice,"[436, 284, 34, 128, 537, 215, 679, 589, 637, 551, 224, 192, 753, 329, 574, 216, 493]",Dysphonia,R49.0
Painful menstruation,"[494, 529, 662, 339, 365, 199, 75, 6, 404, 588, 609, 626, 269, 74, 684]","Dysmenorrhea, unspecified",N94.6
Flatulence,"[527, 658, 144, 694, 359, 119, 139, 432, 248, 108, 89, 233]",Flatulence,R14.3
Swelling of scrotum,"[749, 639, 526, 544, 108, 445, 595, 369, 209, 469, 734, 217, 447, 581, 756]",Other specified disorders of male genital organs,N50.89
Pain in testicles,"[749, 324, 639, 441, 490, 320, 442, 704, 136, 387, 108, 551, 499, 595, 795, 469]","Testicular pain, unspecified",N50.819
Delusions or hallucinations,"[230, 362, 366, 116, 11, 668, 49, 281, 301, 656, 728, 70, 641, 562, 214, 698, 781, 297, 13, 455, 521, 522, 705, 741, 316, 481, 219, 556, 779, 175, 745, 597, 264, 352, 5, 615, 726, 560, 160, 403, 368, 623, 674, 721, 69, 412, 478, 578]","Hallucinations, unspecified",R44.3
Fears and phobias,"[349, 362, 115, 11, 281, 641, 511, 2, 679, 522, 741, 219, 645, 688, 779, 615, 560, 403, 422, 771, 623, 674, 69]","Phobic anxiety disorder, unspecified",F40.9
Gum pain,"[374, 598, 272, 343, 370, 638, 400, 358, 287, 178, 532, 538, 65, 417, 478]",Other specified disorders of gingiva,K06.8
Knee weakness,"[606, 30, 173, 180, 420, 775, 126, 323, 502, 29, 157, 197, 616]",Muscle weakness,M62.81
Low urine output,"[548, 469]",Anuria and oliguria,R34
Elbow pain,"[81, 763, 155, 787, 235, 18, 611, 161, 258, 738, 661, 723, 223, 182, 126, 516, 712, 502, 707, 103, 238, 513, 29, 197, 497, 244]",Pain in unspecified elbow,M25.529
Paresthesia,"[100, 321, 7, 376, 627, 724, 10, 450, 611, 241, 137, 161, 383, 550, 564, 492, 759, 277, 661, 723, 236, 150, 455, 459, 722, 378, 481, 37, 266, 188, 556, 603, 84, 260, 279, 315, 475, 130, 158, 407, 743, 68, 632, 286, 573, 88, 244, 121, 172, 385]",Paresthesia of skin,R20.2
Burning abdominal pain,"[208, 222, 527, 529, 696, 339, 694, 702, 56, 212, 284, 300, 561, 268, 199, 476, 620, 27, 439, 594, 733, 761, 576, 445, 653, 748, 790, 57, 187, 410, 430, 671, 245, 156, 519, 655, 742, 559, 53, 739, 449, 468, 41, 66, 482, 664, 269, 325, 379, 440, 585]","Abdominal pain, unspecified",R10.9
Heartburn,"[222, 302, 506, 580, 284, 300, 601, 30, 291, 594, 210, 248, 175, 418, 790, 187, 399, 410, 649, 774, 98, 266, 742, 559, 654, 4, 452, 664, 194, 244, 325, 379, 622, 631]",Heartburn,R12
Neck pain,"[321, 357, 634, 763, 262, 271, 787, 56, 365, 714, 26, 337, 161, 143, 236, 678, 727, 690, 146, 624, 730, 52, 713, 603, 260, 264, 279, 346, 570, 72, 238, 185, 540, 565, 40, 46, 326, 480, 625, 687, 573, 607]",Cervicalgia,M54.2
Difficulty breathing,"[347, 577, 129, 488, 43, 10, 413, 453, 132, 571, 414, 709, 225, 231, 134, 425, 613, 483, 621, 720, 618, 637, 82, 176, 566, 84, 256, 542, 685, 753, 59, 294, 435, 507, 61, 234, 252, 4, 536, 610, 412, 461, 486, 746, 311, 493]","Dyspnea, unspecified",R06.00
Blood clots during menstrual periods,"[494, 682, 154, 75, 356, 64, 767, 739, 609]",Excessive/frequent menstruation,N92.0
Joint stiffness or tightness,"[796, 189, 170, 735, 375, 328, 479, 367, 196, 205, 496, 770, 792, 390, 579, 344, 50, 345, 138, 149, 397, 467, 90, 135, 533, 665]",Stiffness of unspecified joint,M25.60
Throat swelling,"[106, 10, 431, 186, 3, 112, 363, 123, 309]","Localized swelling, mass and lump, neck",R22.1
Sleepiness,"[271, 668, 606, 162, 243, 537, 293, 134, 425, 781, 297, 239, 290, 264, 726, 158, 591, 61, 221, 610, 721]",Somnolence,R40.0
Obsessions and compulsions,"[116, 281, 728, 781, 597, 779, 560, 164, 548, 771, 623, 253]","Obsessive-compulsive disorder, unspecified",F42.9
Elbow swelling,"[235, 18, 491, 258, 543, 223, 707, 103, 197, 172]",Effusion/swelling of unspecified elbow,M25.429
Dry or flaky scalp,"[406, 97, 335, 361, 422, 590]","Seborrheic dermatitis, unspecified",L21.9
Throat redness,"[186, 794]",Other diseases of pharynx,J39.2
Changes in stool appearance,"[42, 354, 512, 303, 140, 594, 248, 224, 360, 642, 649, 655, 795, 233, 379]",Other fecal abnormalities,R19.5
Swollen abdomen,"[42, 662, 749, 181, 558, 576, 595, 419, 217, 171, 581]",Intra-abdominal and pelvic swelling,R19.00
Groin pain,"[55, 474, 749, 526, 535, 320, 64, 136, 530, 576, 182, 184, 3, 659, 745, 570, 433, 544, 676, 740, 769, 786, 632, 734, 46, 217, 478, 581]","Lower abdominal pain, unspecified",R10.30
Diarrhea,"[100, 208, 222, 527, 608, 696, 145, 153, 702, 614, 109, 1, 491, 657, 601, 199, 476, 484, 45, 250, 293, 439, 248, 727, 733, 768, 360, 539, 669, 790, 53, 57, 187, 410, 671, 364, 645, 559, 130, 426, 468, 654, 795, 592, 65, 66, 482, 486, 325, 177, 379, 429]","Diarrhea, unspecified",R19.7
Problems with movement,"[226, 147, 7, 763, 349, 366, 145, 15, 724, 342, 18, 718, 562, 49, 301, 343, 137, 550, 564, 30, 243, 492, 515, 99, 277, 198, 420, 679, 101, 283, 297, 341, 150, 455, 558, 93, 327, 378, 659, 745, 218, 260, 315, 16, 475, 502, 707, 719, 290, 433, 730, 774, 266, 556, 603, 201, 403, 435, 743, 591, 46, 69, 286, 295, 402, 687, 244, 381]",Unspecified abnormalities of gait and mobility,R26.9
Lymphedema,"[270, 181, 488, 332, 10, 550, 318, 518, 633, 747, 459, 785, 58, 104, 458, 191, 542, 567, 95, 246, 569, 71, 252, 632, 734, 309]","Lymphedema, not elsewhere classified",I89.0
Foot or toe swelling,"[270, 376, 708, 563, 18, 241, 550, 30, 214, 697, 83, 143, 775, 341, 485, 785, 462, 772, 174, 16, 719, 306, 795, 599, 295, 244, 309, 350, 528, 629]",Other specified soft tissue disorders,M79.89
Coughing up sputum,"[289, 347, 67, 10, 353, 677, 48, 431, 483, 681, 685, 750, 774, 531, 59, 507, 234, 486, 640, 746]",Other specified cough,R05.8
Hemoptysis,"[347, 577, 272, 451, 697, 677, 104, 142, 184, 192, 24, 57, 636, 569, 536, 204]",Hemoptysis,R04.2
Palpitations,"[347, 362, 115, 129, 488, 424, 697, 571, 33, 250, 414, 651, 576, 211, 621, 179, 542, 399, 98, 617, 96, 71, 252, 457, 536, 619, 105, 247, 348, 622, 751]",Palpitations,R00.2
Hip stiffness or tightness,"[159, 474, 635, 420, 691, 689, 477, 446, 220, 433, 524, 672, 554, 552]",Stiffness of unspecified hip,M25.659
Leg weakness,"[7, 428, 349, 181, 724, 21, 718, 656, 308, 180, 382, 515, 777, 277, 420, 283, 733, 315, 346, 24, 570, 316, 168, 603, 363, 130, 489, 743, 667, 194, 573, 616]",Muscle weakness,M62.81
Rectal bleeding,"[527, 153, 506, 639, 432, 360, 546, 748, 53, 757, 410, 556, 655, 468, 452, 482, 325]",Hemorrhage of anus and rectum,K62.5
Mass on vulva,"[662, 535, 141, 489, 552]",Other specified disorders of vulva,N90.89
Absence of menstruation,"[682, 506, 470, 406, 263, 141, 472, 64, 6, 184, 405, 251, 372, 269, 631, 684]","Amenorrhea, unspecified",N91.2
Shoulder cramps or spasms,"[796, 189, 170, 375, 328, 479, 205, 770, 568, 344, 390, 579, 50, 345, 397, 467, 90, 135, 533, 665]",Cramp and spasm,R25.2
Vaginal dryness,"[303, 470, 404, 110, 384, 640, 765]",Other specified noninflammatory disorders of vagina,N89.8
Foreign body sensation in eye,"[334, 51, 333, 508, 125, 371, 275, 173, 416, 460, 648, 229, 200, 76, 203, 473, 692, 78, 86, 131, 391, 166, 516, 312, 525, 495, 25, 35, 454]","Disorder of eye, unspecified",H57.9
Problems during pregnancy,"[702, 56, 70, 79, 154, 484, 490, 356, 64, 22, 394, 210, 314, 705, 767, 174, 666, 739, 487, 703, 156, 188, 449, 41, 412, 629, 585]","Pregnancy related condition, unspecified",O26.90
Bleeding gums,"[120, 398, 142, 184, 191, 358, 532, 538, 417]",Other specified disorders of gingiva,K06.8
Incontinence of stool,"[476, 788, 434, 501, 546, 489, 87]",Full incontinence of feces,R15.9
Itching of the anus,"[557, 649, 379, 552]",Pruritus ani,L29.0
Muscle weakness,"[515, 198, 778, 174, 622]",Muscle weakness,M62.81
Discharge in stools,"[248, 546, 748]",Other fecal abnormalities,R19.5
Elbow stiffness or tightness,[103],Stiffness of unspecified elbow,M25.629
Increased heart rate,"[42, 115, 129, 488, 214, 424, 557, 33, 414, 134, 651, 211, 418, 621, 720, 174, 542, 642, 617, 457, 14, 412, 247, 348, 465, 517, 751]","Tachycardia, unspecified",R00.0
Symptoms of prostate,"[42, 303, 195, 380, 511, 729, 442, 319, 310, 499, 642, 551, 469, 586, 523, 299, 169, 447]","Disorder of prostate, unspecified",N42.9
Fever,"[55, 347, 357, 443, 608, 696, 717, 572, 80, 206, 396, 789, 43, 67, 265, 612, 614, 630, 783, 272, 337, 118, 165, 423, 453, 773, 564, 605, 120, 128, 132, 133, 199, 484, 490, 535, 715, 793, 442, 709, 760, 225, 240, 589, 9, 431, 459, 466, 483, 545, 689, 205, 351, 186, 3, 790, 84, 228, 707, 168, 400, 555, 624, 637, 671, 582, 278, 340, 358, 176, 531, 66, 234, 610, 619, 59, 426, 435, 468, 507, 540, 676, 592, 38, 92, 282, 171, 461, 486, 625, 647, 746, 575, 305, 311, 148, 440, 493, 514]","Fever, unspecified",R50.9
Ankle pain,"[226, 796, 189, 212, 170, 18, 611, 375, 328, 479, 180, 99, 420, 341, 678, 205, 323, 770, 344, 126, 388, 390, 579, 307, 29, 50, 345, 513, 295, 193, 397, 467, 590, 90, 244, 350, 135, 528, 533, 665]",Pain in unspecified ankle and joints of unspecified foot,M25.579
Abnormal breathing sounds,"[147, 789, 118, 794, 264, 695, 566, 61, 221, 368, 610, 158, 493]","Breathing abnormality, unspecified",R06.9
Difficulty in swallowing,"[147, 717, 106, 144, 396, 683, 789, 598, 783, 284, 300, 140, 656, 128, 308, 139, 515, 215, 425, 638, 589, 431, 459, 224, 186, 3, 510, 192, 112, 127, 98, 524, 713, 559, 664, 786, 194, 202]","Dysphagia, unspecified",R13.10
Skin rash,"[376, 547, 563, 553, 737, 212, 237, 265, 288, 783, 113, 165, 415, 758, 227, 119, 793, 395, 633, 784, 231, 277, 8, 9, 459, 117, 462, 421, 520, 666, 97, 278, 298, 364, 188, 505, 531, 592, 92, 593, 330]",Rash and other nonspecific skin eruption,R21
Bleeding from ear,"[443, 302, 498, 365, 338, 738, 541, 690, 207, 305, 385, 680]","Otorrhagia, unspecified ear",H92.20
Melena,"[448, 512, 506, 140, 331, 180, 788, 594, 104, 360, 184, 748, 53, 47, 649, 369, 412, 325, 379, 438]",Melena,K92.1
Vaginal discharge,"[463, 494, 529, 662, 682, 711, 79, 268, 133, 154, 535, 75, 291, 356, 141, 64, 150, 530, 705, 102, 653, 174, 404, 666, 588, 430, 750, 156, 110, 740, 74, 684]",Other specified noninflammatory disorders of vagina,N89.8
Knee pain,"[474, 763, 782, 511, 777, 99, 277, 420, 543, 723, 223, 236, 678, 745, 719, 405, 433, 712, 40, 68, 513, 73, 295, 350, 440]",Pain in unspecified knee,M25.569
Feeling hot and cold,"[547, 230, 675, 336, 377, 762, 255, 63, 700, 744, 323, 716, 307, 292, 764, 232, 282, 194, 497, 706, 756]",Other general symptoms and signs,R68.89
Retention of urine,"[608, 701, 106, 212, 332, 195, 380, 646, 12, 441, 476, 504, 715, 274, 280, 320, 442, 500, 99, 310, 317, 576, 102, 163, 53, 499, 642, 316, 544, 355, 531, 655, 752, 581, 684]","Retention of urine, unspecified",R33.9
Thirst,"[701, 263, 267, 768, 175, 185, 369]",Polydipsia,R63.1
Acne or pimples,"[563, 334, 553, 737, 288, 392, 162, 415, 423, 639, 758, 199, 791, 633, 754, 143, 6, 660, 112, 36, 97, 335, 427, 77, 361, 373, 650, 626, 725, 422, 92, 464, 590, 593, 91, 322, 330, 583, 596]","Acne, unspecified",L70.9
Skin moles,"[587, 693, 737, 392, 415, 758, 227, 791, 633, 367, 143, 776, 520, 719, 567, 427, 551, 650, 29, 725, 464, 593, 91, 322, 330]","Melanocytic nevi, unspecified",D22.9
Lump in throat,"[106, 537, 215, 794, 127, 774, 194, 87]","Localized swelling, mass and lump, neck",R22.1
Abnormal involuntary movements,"[366, 115, 15, 724, 333, 508, 562, 137, 561, 424, 484, 697, 63, 515, 784, 425, 283, 13, 455, 722, 93, 669, 778, 260, 264, 183, 5, 290, 643, 98, 556, 712, 368, 686, 201, 259, 363, 130, 489, 743, 105, 286, 604, 257, 121, 177]",Unspecified abnormal involuntary movements,R25.9
Pain in gums,"[374, 638, 358, 178, 417, 629]",Other specified disorders of gingiva,K06.8
Infant feeding problem,"[683, 10, 341, 458, 218, 31, 89, 233]","Feeding difficulties, unspecified",R63.30
Burning chest pain,"[580, 518, 418, 71, 185, 751]",Other chest pain,R07.89
Bladder mass,"[274, 310, 389, 517]",Other specified disorders of bladder,N32.89
Itchy scalp,"[754, 83, 97, 335, 427, 245, 361, 188, 373, 764, 295, 593, 330, 629]","Pruritus, unspecified",L29.9
Low back stiffness or tightness,"[565, 438]",Stiffness of other specified joint,M25.69
Hip weakness,[687],Muscle weakness,M62.81
,"[155, 155, 155, 155, 155, 11, 17, 17, 17, 17, 17, 17, 17, 17, 787, 285, 285, 285, 285, 285, 159, 159, 159, 159, 159, 159, 159, 159, 19, 19, 19, 19, 19, 19, 19, 19, 19, 428, 428, 474, 474, 474, 474, 474, 701, 782, 782, 782, 782, 782, 353, 353, 353, 353, 353, 353, 353, 353, 656, 656, 656, 235, 235, 235, 714, 714, 714, 766, 766, 766, 766, 766, 766, 766, 766, 606, 606, 606, 30, 30, 85, 85, 85, 85, 85, 85, 85, 85, 85, 214, 338, 338, 338, 359, 359, 359, 359, 120, 120, 120, 120, 120, 173, 12, 12, 12, 409, 409, 409, 409, 409, 409, 409, 416, 416, 416, 416, 451, 509, 509, 509, 509, 509, 509, 509, 509, 729, 729, 736, 736, 736, 736, 736, 736, 736, 736, 736, 736, 738, 738, 738, 33, 33, 263, 318, 318, 318, 331, 331, 139, 139, 139, 180, 398, 398, 398, 472, 472, 472, 710, 710, 710, 710, 747, 747, 747, 747, 747, 747, 747, 788, 788, 788, 273, 273, 273, 273, 273, 273, 394, 394, 775, 775, 775, 775, 775, 46, 46, 46, 640, 640, 249, 249, 249, 249, 267, 267, 267, 267, 267, 267, 267, 267, 267, 314, 314, 314, 314, 314, 314, 314, 387, 485, 485, 485, 485, 485, 681, 681, 681, 681, 681, 681, 681, 705, 705, 705, 705, 600, 600, 600, 600, 600, 600, 600, 71, 71, 71, 209, 209, 209, 209, 209, 209, 221, 221, 221, 221, 221, 221, 221, 138, 138, 138, 138, 138, 138, 138, 157, 157, 157, 197, 197, 197, 197, 197, 401, 401, 401, 401, 401, 401, 401, 401, 401, 686, 686, 306, 306, 306, 306, 306, 306, 306, 399, 487, 487, 516, 516, 703, 703, 703, 703, 703, 703, 313, 313, 313, 313, 313, 313, 313, 313, 313, 179, 179, 179, 179, 179, 179, 179, 5, 5, 16, 16, 16, 16, 16, 24, 24, 24, 24, 502, 502, 502, 757, 757, 757, 757, 757, 757, 595, 108, 108, 95, 95, 95, 246, 246, 246, 246, 246, 251, 251, 312, 372, 372, 372, 688, 688, 688, 688, 688, 688, 688, 688, 731, 731, 731, 731, 731, 111, 111, 111, 211, 211, 211, 211, 142, 142, 182, 182, 434, 434, 434, 434, 434, 437, 437, 437, 437, 437, 437, 437, 437, 437, 501, 546, 549, 549, 772, 778, 778, 778, 103, 124, 124, 124, 124, 369, 384, 384, 384, 384, 419, 419, 419, 419, 419, 419, 419, 548, 699, 699, 699, 565, 569, 569, 569, 148, 148, 148, 148, 528, 528, 528, 528, 528, 528, 552, 552, 552, 607, 607, 616, 631, 652, 652, 652, 652, 652, 652, 652, 652, 652, 652, 680, 680, 680, 765]",,
